,X (mm),Y (mm),Si (at. %),Ge (at. %),Sn (at. %),I (A),m (g),ρ (g/cm³),l (mg/cm²),d (µm)
0,-1.25,8.149999999999999,0.2752421410480596,0.618113990843068,0.1066438681088725,4.947298984308745e-07,2.739076094848601e-07,5.3537897,0.062,0.117
1,-6.25,8.149999999999999,0.29142795304438496,0.5990172009499312,0.10955484600568384,4.911666352756733e-07,2.694897448157494e-07,5.343646,0.061,0.114
2,-11.25,8.149999999999999,0.30622970345396255,0.5759498331549109,0.1178204633911266,4.771178480883254e-07,2.6065401547752817e-07,5.3546787,0.059,0.111
3,-16.25,8.149999999999999,0.3548890593978428,0.5281289130156163,0.11698202758654093,4.940394900912695e-07,2.6065401547752817e-07,5.2868596,0.059,0.113
4,-21.25,8.149999999999999,0.3946383082412573,0.49007665592210553,0.11528503583663724,5.005428104634957e-07,2.5623615080841754e-07,5.2237545,0.058,0.111
5,-26.25,8.149999999999999,0.40975787566613997,0.4684299755513514,0.1218121487825086,4.601897716466232e-07,2.3414682746286427e-07,5.2270855,0.053,0.102
6,-31.25,8.149999999999999,0.45022246439043395,0.4280149445949547,0.12176259101461137,4.5660701868824433e-07,2.2531109812464297e-07,5.1659746,0.051,0.099
7,13.75,13.149999999999999,0.20664129723088753,0.6811911752753983,0.1121675274937142,3.949082396231939e-07,2.2972896279375362e-07,5.4553843,0.052,0.095
8,8.75,13.149999999999999,0.22267331241112256,0.661586593231739,0.11574009435713845,4.669999063363046e-07,2.694897448157494e-07,5.449026700000001,0.061,0.111
9,3.75,13.149999999999999,0.24435333887714822,0.6399109322128437,0.11573572891000818,4.814915667676006e-07,2.739076094848601e-07,5.423651400000001,0.062,0.114
10,-1.25,13.149999999999999,0.26052094520182856,0.6191225615933078,0.12035649320486358,4.851615584116097e-07,2.739076094848601e-07,5.4203696,0.062,0.114
11,-6.25,13.149999999999999,0.2833934055725687,0.5939622098104974,0.12264438461693387,4.918630896309568e-07,2.739076094848601e-07,5.4001128000000005,0.062,0.115
12,-11.25,13.149999999999999,0.33321286227591423,0.5450101851960943,0.12177695252799137,5.094434800443773e-07,2.739076094848601e-07,5.3341216000000005,0.062,0.117
13,-16.25,13.149999999999999,0.3642772834806825,0.5118102382326957,0.12391247828662169,5.032137582431669e-07,2.650718801466388e-07,5.300409800000001,0.06,0.113
14,-21.25,13.149999999999999,0.39272265467712497,0.48087537124435137,0.12640197407852372,5.041321493713015e-07,2.6065401547752817e-07,5.2698538,0.059,0.112
15,-26.25,13.149999999999999,0.42854975477448215,0.4440869017190934,0.12736334350642445,5.086347048021159e-07,2.5623615080841754e-07,5.222639399999999,0.058,0.111
16,-31.25,13.149999999999999,0.4654760182262946,0.4032605142925106,0.13126346748119475,5.034654202429257e-07,2.474004214701962e-07,5.181857900000001,0.056,0.108
17,-36.25,13.149999999999999,0.5028243245518897,0.3677036399265207,0.12947203552158965,4.820803526450107e-07,2.2972896279375362e-07,5.114584600000001,0.052,0.101
18,-41.25,13.149999999999999,0.5449941757340078,0.3277560706989437,0.12724975356704854,4.7082013243406667e-07,2.164753687864217e-07,5.031372,0.049,0.098
19,-46.25,13.149999999999999,0.5796603833849956,0.2921248734027456,0.1282147432122587,4.348067831062795e-07,1.9438604544086846e-07,4.9720997,0.044,0.089
20,18.75,18.15,0.19115953025977594,0.6890583017534264,0.11978216798679774,3.890463465306004e-07,2.2972896279375362e-07,5.4984403,0.052,0.095
21,13.75,18.15,0.20451642726009311,0.6740809447939319,0.12140262794597505,4.7484619292574443e-07,2.7832547415397076e-07,5.4884881000000005,0.063,0.114
22,8.75,18.15,0.24069550364683276,0.64030279303214,0.11900170332102729,5.024420052634836e-07,2.8716120349219206e-07,5.439177000000001,0.065,0.12
23,3.75,18.15,0.2585071749255279,0.6170891108031429,0.12440371427132921,5.14328740764342e-07,2.915790681613027e-07,5.4367799,0.066,0.121
24,-1.25,18.15,0.27639653061937036,0.5965537367608004,0.12704973261982935,5.195759102012522e-07,2.915790681613027e-07,5.4246411000000005,0.066,0.121
25,-6.25,18.15,0.3014642544748062,0.5687923530688603,0.12974339245633357,5.195488055014589e-07,2.8716120349219206e-07,5.4041398,0.065,0.121
26,-11.25,18.15,0.33135465851885315,0.5356327733560481,0.1330125681250987,5.290836891597026e-07,2.8716120349219206e-07,5.3778653,0.065,0.12
27,-16.25,18.15,0.3575891121001443,0.5065707752932916,0.13584011260656403,5.295367261784515e-07,2.8274333882308144e-07,5.354327700000001,0.064,0.119
28,-21.25,18.15,0.38812174403341104,0.47572335241775915,0.13615490354882973,5.241930892735709e-07,2.739076094848601e-07,5.314551499999999,0.062,0.116
29,-26.25,18.15,0.4229031791836292,0.4354760161992978,0.14162080461707294,5.268346949744837e-07,2.694897448157494e-07,5.2872583,0.061,0.116
30,-31.25,18.15,0.46309019982613053,0.3969657291553261,0.13994407101854342,5.169305882279227e-07,2.5623615080841754e-07,5.221540399999999,0.058,0.112
31,-36.25,18.15,0.5027164950445728,0.35752862377827616,0.13975488117715096,5.055372205384062e-07,2.4298255680108557e-07,5.1587895,0.055,0.106
32,-41.25,18.15,0.5380080114273443,0.3222642459531678,0.13972774261948784,5.010654630450555e-07,2.3414682746286427e-07,5.1001322,0.053,0.103
33,-46.25,18.15,0.5803839011547431,0.28480339344785943,0.1348127053973974,4.915649691277731e-07,2.2089323345553238e-07,5.0021195999999994,0.05,0.1
34,-51.25,18.15,0.6110422923383847,0.2557693983393864,0.13318830932222903,4.446672912894521e-07,1.9438604544086846e-07,4.9357103,0.044,0.089
35,18.75,23.15,0.1883394265530884,0.6834793817602106,0.12818119168670106,4.7528009693248405e-07,2.8274333882308144e-07,5.5282327,0.064,0.115
36,13.75,23.15,0.22095205243930097,0.648766473291888,0.13028147426881104,5.07367776618476e-07,2.9599693283041336e-07,5.4996188,0.067,0.122
37,8.75,23.15,0.24192046135195658,0.6260366394010384,0.13204289924700505,5.214058623415501e-07,3.00414797499524e-07,5.482000900000001,0.068,0.125
38,3.75,23.15,0.2400014362390149,0.6223877008236682,0.13761086293731684,5.111139081764359e-07,2.9599693283041336e-07,5.5022503,0.067,0.122
39,-1.25,23.15,0.2772419545658297,0.5843287884748473,0.1384292569593231,5.235984049459981e-07,2.9599693283041336e-07,5.4630963,0.067,0.123
40,-6.25,23.15,0.3001406499361501,0.5568407189400152,0.14301863112383467,5.30028946599653e-07,2.9599693283041336e-07,5.4520166,0.067,0.123
41,-11.25,23.15,0.32638532285116395,0.5275316187554019,0.14608305839343413,5.303986125921571e-07,2.915790681613027e-07,5.431170900000001,0.066,0.122
42,-16.25,23.15,0.3471603882477676,0.5033032211770065,0.14953639057522577,5.286126023540185e-07,2.8716120349219206e-07,5.417910900000001,0.065,0.119
43,-21.25,23.15,0.3826650887770035,0.4638751193352722,0.15345979188772438,5.320653204978101e-07,2.8274333882308144e-07,5.3866176,0.064,0.119
44,-26.25,23.15,0.4214181237532701,0.42417326924305543,0.15440860700367454,5.382606248889728e-07,2.7832547415397076e-07,5.3391568,0.063,0.118
45,-31.25,23.15,0.4513659477572828,0.393954349887025,0.1546797023556923,5.3272091046197e-07,2.694897448157494e-07,5.298373600000001,0.061,0.114
46,-36.25,23.15,0.49223404228628936,0.3544687106533704,0.15329724706034034,5.320627772391488e-07,2.6065401547752817e-07,5.2324408,0.059,0.113
47,-41.25,23.15,0.526438472542778,0.3213657496488684,0.15219577780835356,5.191598587502974e-07,2.474004214701962e-07,5.1740991,0.056,0.108
48,-46.25,23.15,0.5705159361175199,0.2834170812184342,0.14606698266404577,5.118049126141029e-07,2.3414682746286427e-07,5.0724038,0.053,0.104
49,-51.25,23.15,0.605612938819607,0.24978340926478856,0.14460365191560454,4.978881386627521e-07,2.2089323345553238e-07,5.0015853,0.05,0.099
50,23.75,28.15,0.17542701981885342,0.6839634662816478,0.1406095138994987,4.3109509650375346e-07,2.6065401547752817e-07,5.5812713,0.059,0.106
51,18.75,28.15,0.1866079528025448,0.6745686345106721,0.13882341268678308,4.935173072833494e-07,2.9599693283041336e-07,5.5635833,0.067,0.12
52,13.75,28.15,0.20335754844212192,0.6518324439524507,0.1448100076054275,5.117040659112724e-07,3.0483266216863466e-07,5.5658067,0.069,0.124
53,8.75,28.15,0.23596951536329472,0.6187505836949881,0.145279900941717,5.29917166777397e-07,3.0925052683774533e-07,5.53262,0.07,0.127
54,3.75,28.15,0.25643601873318944,0.5932952791012576,0.15026870216555294,5.428675501327376e-07,3.136683915068559e-07,5.5267308,0.071,0.128
55,-1.25,28.15,0.2679183032731521,0.5809115719362699,0.15117012479057812,5.312403766572396e-07,3.0483266216863466e-07,5.5170196,0.069,0.125
56,-6.25,28.15,0.30026779484214633,0.5458585499791354,0.15387365517871834,5.496350830397465e-07,3.0925052683774533e-07,5.4894837,0.07,0.127
57,-11.25,28.15,0.31576283514671205,0.5222534980790127,0.16198366677427545,5.44381926106193e-07,3.0483266216863466e-07,5.4995202,0.069,0.125
58,-16.25,28.15,0.35082805011694873,0.48691584990019454,0.1622560999828568,5.493860159169796e-07,3.00414797499524e-07,5.4590337,0.068,0.124
59,-21.25,28.15,0.37808679609862406,0.45610245239676556,0.16581075150461044,5.502732601846992e-07,2.9599693283041336e-07,5.4383705,0.067,0.122
60,-26.25,28.15,0.4055828636099381,0.4261782850100014,0.16823885138006045,5.350769651296907e-07,2.8274333882308144e-07,5.4130626,0.064,0.119
61,-31.25,28.15,0.4444880429791866,0.3844206478921413,0.17109130912867213,5.40559243728689e-07,2.7832547415397076e-07,5.3720851000000005,0.063,0.117
62,-36.25,28.15,0.48796650231749356,0.34490842978794223,0.16712506789456424,5.423876884361296e-07,2.694897448157494e-07,5.2960339,0.061,0.114
63,-41.25,28.15,0.5210491086530695,0.31303023742224345,0.1659206539246869,5.294283222498109e-07,2.5623615080841754e-07,5.2405198,0.058,0.11
64,-46.25,28.15,0.5603894292527837,0.2772509602576834,0.16235961048953285,5.195969423340002e-07,2.4298255680108557e-07,5.163501200000001,0.055,0.107
65,-51.25,28.15,0.5951339934035099,0.2450498143098312,0.1598161922866589,5.16239271398627e-07,2.3414682746286427e-07,5.0921639,0.053,0.103
66,-56.25,28.15,0.6291584808260786,0.21925142928379712,0.15159008989012426,4.847097080136395e-07,2.1205750411731105e-07,4.9906206,0.048,0.096
67,23.75,33.15,0.16883648855839067,0.6803685383874807,0.1507949730541287,4.6267819804680554e-07,2.8274333882308144e-07,5.6195656000000005,0.064,0.114
68,18.75,33.15,0.20641609120210988,0.6398283382490978,0.15375557054879233,5.023156303184346e-07,3.00414797499524e-07,5.5911288,0.068,0.121
69,13.75,33.15,0.21263836054957536,0.6297933978205599,0.15756824162986482,5.104378105419142e-07,3.0483266216863466e-07,5.596856,0.069,0.124
70,8.75,33.15,0.23721285452882024,0.603891756681338,0.1588953887898418,5.254974166961815e-07,3.0925052683774533e-07,5.5751103,0.07,0.125
71,3.75,33.15,0.23240781201300437,0.5977346684350056,0.1698575195519901,5.27590308540272e-07,3.136683915068559e-07,5.6157198,0.071,0.126
72,-1.25,33.15,0.27310951951990936,0.5582252782337463,0.16866520224634424,5.267664549756877e-07,3.0483266216863466e-07,5.569460200000001,0.069,0.124
73,-6.25,33.15,0.29907096906986635,0.528540397512318,0.17238863341781568,5.422827454670887e-07,3.0925052683774533e-07,5.554225800000001,0.07,0.126
74,-11.25,33.15,0.322072214625623,0.49947692638150654,0.17845085899287053,5.483063361970996e-07,3.0925052683774533e-07,5.5486755,0.07,0.126
75,-16.25,33.15,0.34306306071387677,0.47528456738469993,0.18165237190142325,5.469513435449833e-07,3.0483266216863466e-07,5.536014300000001,0.069,0.125
76,-21.25,33.15,0.37266143077483954,0.4438868260608599,0.1834517431643005,5.412756531634039e-07,2.9599693283041336e-07,5.5080837,0.067,0.122
77,-26.25,33.15,0.40448273743056873,0.41040170178568025,0.185115560783751,5.445211514532481e-07,2.915790681613027e-07,5.4758553999999995,0.066,0.12
78,-31.25,33.15,0.4397137970334144,0.37280082463306796,0.18748537833351767,5.489679817637043e-07,2.8716120349219206e-07,5.4405108,0.065,0.119
79,-36.25,33.15,0.4793813943401025,0.3354540413396205,0.18516456432027698,5.48750078541057e-07,2.7832547415397076e-07,5.3792731,0.063,0.118
80,-41.25,33.15,0.5124221465394385,0.30555598034744286,0.18202187311311865,5.460920160468511e-07,2.694897448157494e-07,5.3203569,0.061,0.114
81,-46.25,33.15,0.5466139542402949,0.2723053078839381,0.18108073787576706,5.336009596185747e-07,2.5623615080841754e-07,5.2655918,0.058,0.11
82,-51.25,33.15,0.5821867079032516,0.24540927793532524,0.17240401416142315,5.338597676027931e-07,2.474004214701962e-07,5.170794400000001,0.056,0.108
83,-56.25,33.15,0.6155414190242527,0.21834191139925493,0.16611666957649232,5.124290319899782e-07,2.2972896279375362e-07,5.085113,0.052,0.102
84,23.75,38.15,0.1871361750631542,0.6501009995251321,0.16276282541171372,4.861469951997525e-07,2.9599693283041336e-07,5.6385409,0.067,0.119
85,18.75,38.15,0.19724467994623726,0.6353246280059843,0.16743069204777847,5.095340046979876e-07,3.0925052683774533e-07,5.6425220000000005,0.07,0.124
86,13.75,38.15,0.2151476379224113,0.613925743793785,0.17092661828380376,5.215558754116865e-07,3.136683915068559e-07,5.6369242,0.071,0.126
87,8.75,38.15,0.23013514007281258,0.5922567011888474,0.17760815873833993,5.389827644311171e-07,3.225041208450772e-07,5.6429975,0.073,0.128
88,3.75,38.15,0.25310288080571364,0.5676048186112216,0.17929230058306467,5.462494534048322e-07,3.225041208450772e-07,5.6247385,0.073,0.13
89,-1.25,38.15,0.269233383477914,0.5439316905495999,0.18683492597248613,5.417085954540195e-07,3.180862561759665e-07,5.6330236000000005,0.072,0.127
90,-6.25,38.15,0.2936852941865923,0.515539342452262,0.19077536336114584,5.412811907491268e-07,3.136683915068559e-07,5.6206483,0.071,0.127
91,-11.25,38.15,0.3093661057151459,0.4936031201689858,0.19703077411586845,5.521662145564558e-07,3.180862561759665e-07,5.6241915,0.072,0.127
92,-16.25,38.15,0.3467080581599798,0.4559013664989703,0.19739057534104984,5.580277118613895e-07,3.136683915068559e-07,5.585585900000001,0.071,0.127
93,-21.25,38.15,0.35860550225074417,0.43400250949010705,0.20739198825914884,5.507440987240604e-07,3.0925052683774533e-07,5.6063792,0.07,0.124
94,-26.25,38.15,0.4003505358916512,0.39374888307216566,0.20590058103618314,5.591625546829738e-07,3.0483266216863466e-07,5.554806800000001,0.069,0.124
95,-31.25,38.15,0.4287563001321303,0.36640251312907923,0.20484118673879054,5.62504385395501e-07,3.00414797499524e-07,5.5171956,0.068,0.123
96,-36.25,38.15,0.4623827864377655,0.3292116324032887,0.20840558115894584,5.4943445187872e-07,2.8716120349219206e-07,5.4902783,0.065,0.118
97,-41.25,38.15,0.5001296874536327,0.29716349249128526,0.202706820055082,5.49818752617845e-07,2.7832547415397076e-07,5.4194715,0.063,0.115
98,-46.25,38.15,0.5304654932282956,0.2675517967993836,0.20198270997232076,5.271394482741315e-07,2.6065401547752817e-07,5.3750874,0.059,0.11
99,-51.25,38.15,0.569352847739027,0.23973958645061572,0.19090756581035725,5.389342988343407e-07,2.5623615080841754e-07,5.2722566,0.058,0.11
100,-56.25,38.15,0.5735709256699651,0.2292656568749644,0.19716341745507043,5.101460213424379e-07,2.4298255680108557e-07,5.292303700000001,0.055,0.105
101,-61.25,38.15,0.6264816311085193,0.1957450024356968,0.17777336645578387,4.824133132153551e-07,2.164753687864217e-07,5.119910600000001,0.049,0.096
102,23.75,43.15,0.16888040483333255,0.6458611339798666,0.18525846118680095,4.810109002288251e-07,3.00414797499524e-07,5.7235046,0.068,0.118
103,18.75,43.15,0.20400167871643457,0.6130658343365705,0.18293248694699496,5.138982240404727e-07,3.136683915068559e-07,5.6841555,0.071,0.125
104,13.75,43.15,0.19455533587464177,0.6082185413076105,0.19722612281774776,5.063562780381809e-07,3.136683915068559e-07,5.7364146,0.071,0.124
105,8.75,43.15,0.22407338327399337,0.5765819526683217,0.19934466405768497,5.221385462531182e-07,3.180862561759665e-07,5.715243399999999,0.072,0.125
106,3.75,43.15,0.24713987828667125,0.5484822709979116,0.20437785071541711,5.133212137516092e-07,3.0925052683774533e-07,5.7090467,0.07,0.123
107,-1.25,43.15,0.261564109528173,0.5260178120096939,0.21241807846213306,5.300186255842129e-07,3.180862561759665e-07,5.7201909,0.072,0.126
108,-6.25,43.15,0.26726443237105635,0.513750480333786,0.2189850872951577,5.297081069181576e-07,3.180862561759665e-07,5.735596,0.072,0.125
109,-11.25,43.15,0.3111506448873381,0.4710768562701416,0.2177724988425203,5.451361533107051e-07,3.180862561759665e-07,5.6892778999999996,0.072,0.126
110,-16.25,43.15,0.3310735961546947,0.4446875781807092,0.22423882566459613,5.42212015816001e-07,3.136683915068559e-07,5.690245200000001,0.071,0.124
111,-21.25,43.15,0.35891568122956063,0.41103622184767213,0.23004809692276723,5.500561734717997e-07,3.136683915068559e-07,5.6811201,0.071,0.125
112,-26.25,43.15,0.3889636033993332,0.37883420646586274,0.23220219013480392,5.446000107086922e-07,3.0483266216863466e-07,5.6572642,0.069,0.122
113,-31.25,43.15,0.4127325367534839,0.3535255313035867,0.23374193194292944,5.449179223001707e-07,3.00414797499524e-07,5.6377537,0.068,0.121
114,-36.25,43.15,0.44760549098945107,0.31949236881157494,0.23290214019897407,5.339015511836755e-07,2.8716120349219206e-07,5.5957225,0.065,0.117
115,-41.25,43.15,0.48346993907860575,0.28962920397505,0.22690085694634438,5.332320127837529e-07,2.7832547415397076e-07,5.5320348,0.063,0.114
116,-46.25,43.15,0.5165275770261554,0.2600107218155305,0.22346170115831418,5.30360030461086e-07,2.694897448157494e-07,5.4777975,0.061,0.111
117,-51.25,43.15,0.5480141569380196,0.23755960433238338,0.214426238729597,5.290319747138449e-07,2.6065401547752817e-07,5.4003941,0.059,0.11
118,-56.25,43.15,0.5866315677483238,0.20676334206615973,0.2066050901855164,5.207837327719217e-07,2.474004214701962e-07,5.312373200000001,0.056,0.106
119,-61.25,43.15,0.6148310482455102,0.18899367734820938,0.19617527440628033,4.798635079325044e-07,2.2089323345553238e-07,5.2230316,0.05,0.095
120,23.75,48.15,0.16870285752532746,0.625256679196792,0.20604046327788056,4.6082345224915505e-07,2.915790681613027e-07,5.7842196,0.066,0.114
121,18.75,48.15,0.1965505385629407,0.5986689427057149,0.20478051873134426,4.974599951362616e-07,3.0925052683774533e-07,5.756973299999999,0.07,0.121
122,13.75,48.15,0.20538409009991307,0.5777176369241531,0.21689827297593378,5.104752838596392e-07,3.180862561759665e-07,5.7842158,0.072,0.124
123,8.75,48.15,0.22670150822832988,0.5565588457903329,0.21673964598133716,5.244479036097393e-07,3.225041208450772e-07,5.7656467,0.073,0.127
124,3.75,48.15,0.2387318165638677,0.5320418782902667,0.22922630514586548,5.312913670857637e-07,3.269219855141878e-07,5.7914794,0.074,0.128
125,-1.25,48.15,0.25883871882235815,0.5052417190476532,0.23591956212998855,5.283897311895361e-07,3.225041208450772e-07,5.7937477,0.073,0.127
126,-6.25,48.15,0.262755178564157,0.4911419356710359,0.24610288576480707,5.261828332330645e-07,3.225041208450772e-07,5.8199257,0.073,0.126
127,-11.25,48.15,0.2984130706830221,0.4532301610938959,0.24835676822308209,5.446342760028236e-07,3.269219855141878e-07,5.796095899999999,0.074,0.128
128,-16.25,48.15,0.3186780923480998,0.42748155525659454,0.2538403523953056,5.422015110041372e-07,3.225041208450772e-07,5.7940485,0.073,0.127
129,-21.25,48.15,0.3451965911213095,0.39668731175962946,0.258116097119061,5.499760672122026e-07,3.225041208450772e-07,5.7836809,0.073,0.126
130,-26.25,48.15,0.37345112007931,0.3666389465145712,0.25990993340611884,5.594927471430166e-07,3.225041208450772e-07,5.7629251,0.073,0.126
131,-31.25,48.15,0.401126939888972,0.33813085069083815,0.2607422094201899,5.53899622534653e-07,3.136683915068559e-07,5.7388867,0.071,0.123
132,-36.25,48.15,0.4352918217929905,0.3068333521587926,0.25787482604821693,5.519152145339571e-07,3.0483266216863466e-07,5.6943839,0.069,0.122
133,-41.25,48.15,0.4719490913678938,0.2742341552817682,0.253816753350338,5.514369765660759e-07,2.9599693283041336e-07,5.6424007,0.067,0.119
134,-46.25,48.15,0.49867291252028423,0.25196135307023476,0.24936573440948098,5.300989800173581e-07,2.7832547415397076e-07,5.5952096,0.063,0.112
135,-51.25,48.15,0.536515711561018,0.22600496335595704,0.23747932508302502,5.325353441355258e-07,2.694897448157494e-07,5.5056738,0.061,0.111
136,-56.25,48.15,0.5645315783633933,0.20652584941273264,0.22894257222387415,5.206671303732497e-07,2.5623615080841754e-07,5.4355513,0.058,0.106
137,-61.25,48.15,0.5936815298653021,0.18659394427077472,0.21972452586392305,4.810918263910905e-07,2.2972896279375362e-07,5.3568549999999995,0.052,0.098
138,23.75,53.15,0.17612619546839653,0.5984909353520108,0.22538286917959263,4.643185735174986e-07,2.9599693283041336e-07,5.833168100000001,0.067,0.116
139,18.75,53.15,0.19591860974355108,0.57294836585222,0.2311330244042291,5.030978826009046e-07,3.180862561759665e-07,5.8332588,0.072,0.123
140,13.75,53.15,0.1891920289178097,0.5685918109784163,0.24221616010377417,5.046013770202505e-07,3.225041208450772e-07,5.8699635,0.073,0.125
141,8.75,53.15,0.21992474289662947,0.5326739985988689,0.2474012585045016,5.193023192643067e-07,3.269219855141878e-07,5.8599564,0.074,0.126
142,3.75,53.15,0.2335107102474893,0.5124942348255122,0.25399505492699853,5.284664079668195e-07,3.313398501832985e-07,5.8677308,0.075,0.128
143,-1.25,53.15,0.2498556560460192,0.4852528926368268,0.26489145131715397,5.442241233554609e-07,3.4017557952151985e-07,5.8856254,0.077,0.131
144,-6.25,53.15,0.2752926513142969,0.4549216533587147,0.26978569532698843,5.581665628385925e-07,3.445934441906304e-07,5.879118500000001,0.078,0.133
145,-11.25,53.15,0.29605583149774206,0.42614308638371995,0.27780108211853805,5.625169651326102e-07,3.445934441906304e-07,5.8859884,0.078,0.133
146,-16.25,53.15,0.31362514323058516,0.4026855556439391,0.2836893011254757,5.592648733255368e-07,3.4017557952151985e-07,5.8887656,0.077,0.131
147,-21.25,53.15,0.327700153359764,0.3774433433435038,0.29485650329673224,5.52814451444332e-07,3.357577148524092e-07,5.9093179,0.076,0.129
148,-26.25,53.15,0.35449130000688,0.34905743408849893,0.2964512659046211,5.689304487525158e-07,3.4017557952151985e-07,5.8914266,0.077,0.131
149,-31.25,53.15,0.38638619792387313,0.31920355455549576,0.29441024752063105,5.739315313537474e-07,3.357577148524092e-07,5.858657999999999,0.076,0.129
150,-36.25,53.15,0.41332103807186815,0.2918891533186465,0.29478980860948545,5.608910514800614e-07,3.225041208450772e-07,5.8359179,0.073,0.124
151,-41.25,53.15,0.4496893307121478,0.2649197067567513,0.2853909625311009,5.626166650593836e-07,3.136683915068559e-07,5.772285999999999,0.071,0.124
152,-46.25,53.15,0.47764345509323386,0.2419280454644064,0.2804284994423597,5.511464742684883e-07,3.00414797499524e-07,5.7272194999999995,0.068,0.119
153,-51.25,53.15,0.5128700875975155,0.22135354234023186,0.26577637006225274,5.458933145958587e-07,2.8716120349219206e-07,5.638381399999999,0.065,0.115
154,-56.25,53.15,0.542825253610763,0.19991518415533727,0.2572595622338999,5.26970720462159e-07,2.694897448157494e-07,5.572333599999999,0.061,0.11
155,-61.25,53.15,0.5691242983402611,0.1844479383104667,0.24642776334927208,4.975611102243708e-07,2.474004214701962e-07,5.4981499000000005,0.056,0.101
156,23.75,58.15,0.178419317377795,0.5727347111680248,0.24884597145418036,4.6519195463191516e-07,3.00414797499524e-07,5.8967521,0.068,0.116
157,18.75,58.15,0.17502082594921284,0.5654672772767996,0.25951189677398745,4.951677357729758e-07,3.225041208450772e-07,5.9278374000000005,0.073,0.123
158,13.75,58.15,0.20092414629830146,0.5329227692690189,0.26615308443267977,5.213261622250876e-07,3.357577148524092e-07,5.927137800000001,0.076,0.127
159,8.75,58.15,0.22052301690598322,0.503467200164149,0.27600978292986766,5.31116624881188e-07,3.4017557952151985e-07,5.9394526,0.077,0.13
160,3.75,58.15,0.2266785294526732,0.4837595271888812,0.28956194335844565,5.423977561356274e-07,3.490113088597411e-07,5.971914399999999,0.079,0.132
161,-1.25,58.15,0.24473493655879908,0.45774854066733506,0.29751652277386587,5.45492416027529e-07,3.490113088597411e-07,5.979829,0.079,0.133
162,-6.25,58.15,0.2613554125130772,0.43181700313456645,0.3068275843523565,5.616778519718795e-07,3.578470381979624e-07,5.993783799999999,0.081,0.135
163,-11.25,58.15,0.28013470586102485,0.4053961668125905,0.3144691273263846,5.653246596870499e-07,3.578470381979624e-07,6.0011311,0.081,0.135
164,-16.25,58.15,0.2983245013840513,0.379031422626998,0.3226440759889507,5.686293269862226e-07,3.578470381979624e-07,6.0104681,0.081,0.134
165,-21.25,58.15,0.31841811600541947,0.35138939077421216,0.3301924932203684,5.657833022692054e-07,3.5342917352885177e-07,6.0168111,0.08,0.134
166,-26.25,58.15,0.3395553192328478,0.32620640164769854,0.3342382791194536,5.787905854418662e-07,3.578470381979624e-07,6.0127102,0.081,0.134
167,-31.25,58.15,0.3681506558246095,0.29936067945643235,0.3324886647189582,5.824672656976414e-07,3.5342917352885177e-07,5.9863962,0.08,0.133
168,-36.25,58.15,0.3907139653522333,0.2773741003998017,0.33191193424796495,5.688276201381626e-07,3.4017557952151985e-07,5.9672705,0.077,0.128
169,-41.25,58.15,0.4232440872582189,0.2518529866545969,0.32490292608718424,5.683353896795724e-07,3.313398501832985e-07,5.9200444,0.075,0.126
170,-46.25,58.15,0.4497000181588343,0.23247719360081026,0.3178227882403555,5.500097885037321e-07,3.136683915068559e-07,5.8749015,0.071,0.12
171,-51.25,58.15,0.48668740734617655,0.21121416626757542,0.30209842638624795,5.460882112757696e-07,3.00414797499524e-07,5.790577799999999,0.068,0.117
172,-56.25,58.15,0.5157008204121265,0.195402547960505,0.2888966316273685,5.294799400062823e-07,2.8274333882308144e-07,5.7165002,0.064,0.111
173,-61.25,58.15,0.5452088270805204,0.18057719418588158,0.27421397873359793,4.78422338309249e-07,2.474004214701962e-07,5.6318672,0.056,0.099
174,23.75,63.15,0.1635883982270689,0.5559944095588131,0.28041719221411804,4.3930759371469663e-07,2.915790681613027e-07,5.9923233,0.066,0.11
175,18.75,63.15,0.17165580365009703,0.5347346849974308,0.29360951135247204,4.843640383246011e-07,3.225041208450772e-07,6.0211977,0.073,0.121
176,13.75,63.15,0.18443064292553799,0.510393762235217,0.30517559483924495,5.111410005062081e-07,3.4017557952151985e-07,6.0425952,0.077,0.127
177,8.75,63.15,0.21281165944814742,0.4775945763669524,0.3095937641849002,5.316038666339793e-07,3.490113088597411e-07,6.0350921,0.079,0.131
178,3.75,63.15,0.2252122889839367,0.45117313204299747,0.3236145789730659,5.444051580130421e-07,3.578470381979624e-07,6.0634468,0.081,0.133
179,-1.25,63.15,0.23570115055223725,0.4246016314070971,0.3396972180406657,5.558851367907514e-07,3.666827675361837e-07,6.0982714,0.083,0.136
180,-6.25,63.15,0.2504936974645567,0.3966066240988912,0.3528996784365521,5.629504349781176e-07,3.7110063220529437e-07,6.1228373000000005,0.084,0.137
181,-11.25,63.15,0.2686956810537856,0.37174391674292584,0.35956040220328844,5.733131515660392e-07,3.75518496874405e-07,6.1279701,0.085,0.139
182,-16.25,63.15,0.28617435756464604,0.3443271654647397,0.3694984769706142,5.689891121239794e-07,3.7110063220529437e-07,6.1433131,0.084,0.138
183,-21.25,63.15,0.30179590416580043,0.32257217480612593,0.3756319210280736,5.652539548378546e-07,3.666827675361837e-07,6.1494871,0.083,0.136
184,-26.25,63.15,0.32574721680883023,0.29730504316275425,0.37694774002841563,5.797494061504659e-07,3.7110063220529437e-07,6.1385531,0.084,0.137
185,-31.25,63.15,0.3479762670689747,0.27533815902949266,0.3766855739015327,5.804989610389755e-07,3.666827675361837e-07,6.1229833000000005,0.083,0.135
186,-36.25,63.15,0.37321572972295886,0.25373417859275227,0.37305009168428904,5.693931585755111e-07,3.5342917352885177e-07,6.0963942,0.08,0.131
187,-41.25,63.15,0.39825981216647716,0.23512553551582913,0.3666146523176937,5.660239291410433e-07,3.445934441906304e-07,6.0605218999999995,0.078,0.129
188,-46.25,63.15,0.42629837718151903,0.21822289650603013,0.3554787263124508,5.655035020234677e-07,3.357577148524092e-07,6.0091232,0.076,0.126
189,-51.25,63.15,0.46013115435152163,0.19974634476547856,0.34012250088299995,5.455555172986779e-07,3.136683915068559e-07,5.936134399999999,0.071,0.12
190,-56.25,63.15,0.48110835451158235,0.18766250306406626,0.3312291424243514,5.173420798063663e-07,2.915790681613027e-07,5.889829,0.066,0.113
191,23.75,68.15,0.1571155704458846,0.5261803364362885,0.316704093117827,4.090939861817937e-07,2.7832547415397076e-07,6.0894382,0.063,0.103
192,18.75,68.15,0.17914697409221278,0.490794218272096,0.33005880763569123,4.892506495151089e-07,3.313398501832985e-07,6.1092002,0.075,0.122
193,13.75,68.15,0.1757665373631627,0.47726526272694103,0.34696819990989625,5.02966023230298e-07,3.445934441906304e-07,6.153039199999999,0.078,0.128
194,8.75,68.15,0.20022674446507027,0.44141241198068015,0.3583608435542496,5.390301479293752e-07,3.666827675361837e-07,6.167359,0.083,0.134
195,3.75,68.15,0.21672969034181375,0.4119248670227176,0.3713454426354688,5.529083217380205e-07,3.75518496874405e-07,6.189100799999999,0.085,0.137
196,-1.25,68.15,0.2288862528721601,0.38664799544475553,0.3844657516830844,5.654743537829393e-07,3.8435422621262623e-07,6.214279,0.087,0.139
197,-6.25,68.15,0.24642742955940272,0.35723974281686194,0.3963328276237353,5.801734410363067e-07,3.9318995555084753e-07,6.2334665,0.089,0.142
198,-11.25,68.15,0.24736459428669508,0.338686694728079,0.41394871098522584,5.746383047187603e-07,3.9318995555084753e-07,6.275299599999999,0.089,0.142
199,-16.25,68.15,0.269153673414158,0.3146139713931101,0.4162323551927318,5.873962195232983e-07,3.976078202199582e-07,6.2694212,0.09,0.144
200,-21.25,68.15,0.28520080403164927,0.2925595470231829,0.4222396489451679,5.906387049354669e-07,3.976078202199582e-07,6.275497199999999,0.09,0.143
201,-26.25,68.15,0.3036330983863323,0.27045656573887816,0.4259103358747896,5.822386098518473e-07,3.887720908817369e-07,6.274070199999999,0.088,0.14
202,-31.25,68.15,0.32498236334502373,0.24991073111913314,0.4251069055358432,5.896984476524205e-07,3.887720908817369e-07,6.2612661,0.088,0.141
203,-36.25,68.15,0.34707544963695475,0.23449588236217206,0.41842866800087325,5.86035315008382e-07,3.799363615435156e-07,6.2322188999999995,0.086,0.137
204,-41.25,68.15,0.3703739739358573,0.2204287328312812,0.4091972932328616,5.626782280388905e-07,3.578470381979624e-07,6.1941798,0.081,0.131
205,-46.25,68.15,0.3956389680510838,0.2062818979677979,0.3980791339811184,5.398415519645758e-07,3.357577148524092e-07,6.150165400000001,0.076,0.124
206,-51.25,68.15,0.42151071328855433,0.1930433189183182,0.38544596779312734,5.310388535690972e-07,3.225041208450772e-07,6.0975861,0.073,0.119
207,-56.25,68.15,0.45177065637971753,0.1781199045139374,0.37010943910634514,4.868099429231326e-07,2.8716120349219206e-07,6.0318836,0.065,0.108
208,18.75,73.15,0.17349781303121062,0.45499974329290094,0.37150244367588847,4.5726073477092616e-07,3.180862561759665e-07,6.212835299999999,0.072,0.116
209,13.75,73.15,0.18423159327568797,0.42591283711764966,0.3898555696066624,5.058531570616344e-07,3.5342917352885177e-07,6.251074699999999,0.08,0.127
210,8.75,73.15,0.18097323849750593,0.40914322451351703,0.40988353698897695,5.118652882483014e-07,3.6226490286707307e-07,6.299086399999999,0.082,0.13
211,3.75,73.15,0.20289815199494055,0.37451705918081446,0.42258478882424505,5.330940506985928e-07,3.75518496874405e-07,6.3175609,0.085,0.135
212,-1.25,73.15,0.20002060266509175,0.3578521233484503,0.442127273986458,5.389640791122598e-07,3.8435422621262623e-07,6.3630875,0.087,0.137
213,-6.25,73.15,0.2227704878928104,0.3277605546004846,0.449468957506705,5.558178098232105e-07,3.9318995555084753e-07,6.3693352,0.089,0.14
214,-11.25,73.15,0.22226563305205435,0.30844305231451846,0.4692913146334271,5.496525001001038e-07,3.9318995555084753e-07,6.4136588,0.089,0.139
215,-16.25,73.15,0.25244832985361954,0.2801478345848275,0.467403835561553,5.717074339034996e-07,4.0202568488906883e-07,6.396514699999999,0.091,0.142
216,-21.25,73.15,0.2659884592328224,0.25994824644423503,0.4740632943229427,5.737013369733286e-07,4.0202568488906883e-07,6.404957099999999,0.091,0.142
217,-26.25,73.15,0.2850624564369615,0.24270108188721687,0.4722364616758216,5.675640986671618e-07,3.9318995555084753e-07,6.3930674,0.089,0.14
218,-31.25,73.15,0.30523172779664803,0.2258154661548314,0.4689528060485206,5.684930341293776e-07,3.887720908817369e-07,6.3763639,0.088,0.139
219,-36.25,73.15,0.3193530044920855,0.21181221530118494,0.4688347802067296,5.664906678401414e-07,3.8435422621262623e-07,6.3695298,0.087,0.137
220,-41.25,73.15,0.3419509632914672,0.19956087319806654,0.45848816351046623,5.572894996813747e-07,3.7110063220529437e-07,6.3340235,0.084,0.132
221,-46.25,73.15,0.3694720031145217,0.1864256837925625,0.4441023130929158,5.50631634927996e-07,3.578470381979624e-07,6.284469700000001,0.081,0.129
222,-51.25,73.15,0.3869508503771194,0.17755859525119688,0.43549055437168377,5.246374978138489e-07,3.357577148524092e-07,6.2524267,0.076,0.122
223,13.75,78.15,0.16295383510230804,0.3886850662548337,0.44836109864285834,4.844799600363563e-07,3.5342917352885177e-07,6.3936084,0.08,0.125
224,8.75,78.15,0.18016872956875107,0.36069900437486346,0.4591322660563854,5.163334945736739e-07,3.75518496874405e-07,6.4090925,0.085,0.133
225,3.75,78.15,0.1888640437503083,0.330027572379143,0.4811083838705486,5.306895000347687e-07,3.887720908817369e-07,6.4527741,0.088,0.136
226,-1.25,78.15,0.18781018816535253,0.31482440276468887,0.4973654090699587,5.377958335934567e-07,3.976078202199582e-07,6.4874594,0.09,0.138
227,-6.25,78.15,0.21197632874405659,0.2870921054861553,0.500931565769788,5.494672737150923e-07,4.0202568488906883e-07,6.4853221,0.091,0.141
228,-11.25,78.15,0.22232472331513742,0.2647744073754664,0.512900869309396,5.549796534924458e-07,4.064435495581795e-07,6.5073688,0.092,0.141
229,-16.25,78.15,0.23189939333002946,0.24808324002525498,0.5200173666447155,5.676934502810675e-07,4.152792788964008e-07,6.5188502,0.094,0.144
230,-21.25,78.15,0.25045380536514833,0.2309241225663891,0.5186220720684626,5.736752904051379e-07,4.152792788964008e-07,6.509851100000001,0.094,0.144
231,-26.25,78.15,0.26599009013533037,0.21501269990264002,0.5189972099620295,5.720379031515998e-07,4.108614142272902e-07,6.5042729999999995,0.093,0.143
232,-31.25,78.15,0.28084966230837755,0.2028508764144068,0.5162994612772158,5.711899082362168e-07,4.064435495581795e-07,6.4928688,0.092,0.141
233,-36.25,78.15,0.2971040414229996,0.19008203433008886,0.5128139242469115,5.710020541097179e-07,4.0202568488906883e-07,6.4789714,0.091,0.14
234,-41.25,78.15,0.3187415090093175,0.18003086685261527,0.5012276241380673,5.623221791378809e-07,3.887720908817369e-07,6.4443714,0.088,0.136
235,-46.25,78.15,0.3470146428874637,0.16735603998811738,0.485629317124419,5.500554409721663e-07,3.7110063220529437e-07,6.395482899999999,0.084,0.131
236,8.75,83.15,0.15592211696624175,0.3221823998054756,0.5218954832282827,5.108970304682962e-07,3.887720908817369e-07,6.5487176,0.088,0.134
237,3.75,83.15,0.18051430631427245,0.2945770342980351,0.5249086593876925,5.515577111923767e-07,4.152792788964008e-07,6.545986900000001,0.094,0.143
238,-1.25,83.15,0.1865428616945181,0.2757426468683715,0.5377144914371103,5.554703715215737e-07,4.1969714356551143e-07,6.5704396,0.095,0.144
239,-6.25,83.15,0.1913301188253777,0.2529256038664215,0.5557442773082008,5.633181976617468e-07,4.285328729037328e-07,6.6054315,0.097,0.146
240,-11.25,83.15,0.21218815280510758,0.2344009741035183,0.553410873091374,5.757219790188599e-07,4.329507375728434e-07,6.5937728,0.098,0.148
241,-16.25,83.15,0.21909839361939826,0.22093505139505376,0.559966554985548,5.816932933815523e-07,4.373686022419541e-07,6.605402600000001,0.099,0.15
242,-21.25,83.15,0.22577881658900442,0.20755461593581187,0.5666665674751837,5.698140587919833e-07,4.285328729037328e-07,6.6160685,0.097,0.146
243,-26.25,83.15,0.24347790322663831,0.19238512205912903,0.5641369747142327,5.697544666749197e-07,4.241150082346221e-07,6.6056497,0.096,0.145
244,-31.25,83.15,0.25971350836509854,0.18098702966243502,0.5592994619724665,5.759630319937452e-07,4.241150082346221e-07,6.5907642,0.096,0.145
245,-36.25,83.15,0.25810689517999297,0.1753306177785149,0.5665624870414923,5.494495919053588e-07,4.064435495581795e-07,6.606707899999999,0.092,0.14
246,-41.25,83.15,0.2943024660783235,0.16142429271799372,0.5442732412036827,5.480615937750717e-07,3.9318995555084753e-07,6.5479581,0.089,0.135
247,3.75,88.15,0.17051343223929152,0.2537505584871326,0.5757360092735759,4.949950349002026e-07,3.8435422621262623e-07,6.649510599999999,0.087,0.13
248,-1.25,88.15,0.16287296724258335,0.24231245880290803,0.5948145739545087,5.277937095213135e-07,4.152792788964008e-07,6.687502799999999,0.094,0.14
249,-6.25,88.15,0.16785406755054505,0.22823464974667032,0.6039112827027846,5.434833620852035e-07,4.285328729037328e-07,6.703181199999999,0.097,0.145
250,-11.25,88.15,0.19764142243495972,0.20624778686522255,0.5961107906998179,5.592296160131478e-07,4.329507375728434e-07,6.6810884999999995,0.098,0.147
251,-16.25,88.15,0.20094154855594204,0.19605572011357794,0.60300273133048,5.52491524180409e-07,4.285328729037328e-07,6.6932964,0.097,0.145
252,-21.25,88.15,0.2209044274169666,0.1821342544069125,0.596961318176121,5.595804748067442e-07,4.285328729037328e-07,6.675978799999999,0.097,0.146
253,-26.25,88.15,0.2295966014240875,0.1702273328210694,0.6001760657548432,5.495531168944663e-07,4.1969714356551143e-07,6.6805453,0.095,0.142
254,-31.25,88.15,0.24250323481737243,0.15959117244676074,0.5979055927358669,5.47903166744719e-07,4.152792788964008e-07,6.672733899999999,0.094,0.141
255,-36.25,88.15,0.2525798195503865,0.1525361494584711,0.5948840309911424,5.28115822705314e-07,3.976078202199582e-07,6.6647715000000005,0.09,0.135
256,-11.25,93.15,0.18284291761833568,0.18671539377803859,0.6304416886036258,4.901344827848603e-07,3.887720908817369e-07,6.7484281,0.088,0.13
257,-16.25,93.15,0.17653574363441457,0.17954501471190076,0.6439192416536846,4.8545353773831e-07,3.887720908817369e-07,6.7740928,0.088,0.13
258,-21.25,93.15,0.2025423689103237,0.16403131205955382,0.6334263190301225,4.6597335027275426e-07,3.666827675361837e-07,6.7495339,0.083,0.123
